{
  "refrigerantes": [
    {
      "nome": "Coca-Cola Zero 2L",
      "preco": 16.8
    },
    {
      "nome": "Guaraná Antarctica 2L",
      "preco": 14.0
    },
    {
      "nome": "Guaraná Zero 2L",
      "preco": 15.0
    },
    {
      "nome": "Fanta Laranja 2L",
      "preco": 15.0
    },
    {
      "nome": "Soda 2L",
      "preco": 14.5
    }
  ],
  "sucos": [
    {
      "nome": "Suco Del Valle 1L Caju",
      "preco": 12.6
    },
    {
      "nome": "Suco Del Valle 1L Uva",
      "preco": 13.9
    }
  ],
  "aguas": [
    {
      "nome": "Água 1,5 litros",
      "preco": 6.5
    }
  ]
}