{
  "bordas": [
    {
      "id": "B1",
      "nome": "Borda Catupiry",
      "preco": 18.0
    },
    {
      "id": "B2",
      "nome": "Borda Dois Queijos",
      "preco": 20.0
    },
    {
      "id": "B3",
      "nome": "Borda Frango c/ Catupiry",
      "preco": 22.0
    },
    {
      "id": "B4",
      "nome": "Borda Páozinho Dois Queijos",
      "preco": 26.0
    },
    {
      "id": "B5",
      "nome": "Borda Páozinho Frango Catupiry",
      "preco": 28.0
    },
    {
      "id": "B6",
      "nome": "Borda Trançada Dois Queijos",
      "preco": 22.0
    },
    {
      "id": "B7",
      "nome": "Borda Vulcão Calabresa c/ Catupiry",
      "preco": 30.0
    },
    {
      "id": "B8",
      "nome": "Borda Recheada Frango com Catupiry",
      "preco": 24.0
    },
    {
      "id": "B9",
      "nome": "Borda Vulcão Catupiry",
      "preco": 28.0
    },
    {
      "id": "B10",
      "nome": "Borda Vulcão Frango c/ Catupiry",
      "preco": 32.0
    }
  ]
}