{
  "big_esfihas": [
    {
      "nome": "Big Esfiha Atum e Catupiry",
      "preco": 22.0
    },
    {
      "nome": "Big Esfiha Atum e Cebola",
      "preco": 21.5
    },
    {
      "nome": "Big Esfiha Catupiry e Bacon",
      "preco": 18.5
    },
    {
      "nome": "Big Esfiha Catupiry e Milho",
      "preco": 18.0
    },
    {
      "nome": "Big Esfiha Escarola e Bacon",
      "preco": 18.5
    },
    {
      "nome": "Big Esfiha Mussarela com Molho",
      "preco": 18.6
    },
    {
      "nome": "Big Esfiha Palmito e Catupiry",
      "preco": 22.0
    },
    {
      "nome": "Big Esfiha Peru com Catupiry e Escarola",
      "preco": 22.5
    },
    {
      "nome": "Big Esfiha Quatro Queijos",
      "preco": 22.0
    },
    {
      "nome": "Big Esfiha Calabresa e Catupiry",
      "preco": 20.0
    },
    {
      "nome": "Big Esfiha Frango e Catupiry",
      "preco": 18.0
    },
    {
      "nome": "Big Esfiha Mussarela",
      "preco": 18.0
    },
    {
      "nome": "Big Esfiha Pepperoni e Mussarela",
      "preco": 22.0
    },
    {
      "nome": "Big Esfiha Doce de Leite com Canela",
      "preco": 22.9
    },
    {
      "nome": "Big Esfiha Doce Banana com Chocolate e Canela",
      "preco": 22.5
    },
    {
      "nome": "Big Esfiha Chocolate com Morango",
      "preco": 22.9
    },
    {
      "nome": "Big Esfiha Bauru",
      "preco": 18.5
    },
    {
      "nome": "Big Esfiha Dois Queijos",
      "preco": 18.5
    },
    {
      "nome": "Big Esfiha Dois Queijos e Milho",
      "preco": 18.5
    },
    {
      "nome": "Big Esfiha Marguerita",
      "preco": 18.0
    }
  ]
}