{
  "pizzaria": "Anne & Tom",
  "atualizado_em": "2025-11-30",
  "pizzas": [
    {
      "id": "01",
      "nome": "Musa",
      "categoria": "queijo",
      "ingredientes": [
        "Mussarela",
        "Tomate"
      ],
      "preco_broto": 42.0,
      "preco_grande": 53
    },
    {
      "id": "02",
      "nome": "Namorados",
      "categoria": "queijo",
      "ingredientes": [
        "Mussarela",
        "Catupiry"
      ],
      "preco_broto": 48.0,
      "preco_grande": 60
    },
    {
      "id": "03",
      "nome": "Três Corações",
      "categoria": "queijo",
      "ingredientes": [
        "Mussarela de búfala",
        "Catupiry",
        "Provolone"
      ],
      "preco_broto": 55.0,
      "preco_grande": 69
    },
    {
      "id": "04",
      "nome": "Amor Perfeito",
      "categoria": "queijo",
      "ingredientes": [
        "Mussarela",
        "Catupiry",
        "Gorgonzola",
        "Parmesão"
      ],
      "preco_broto": 56.0,
      "preco_grande": 70
    },
    {
      "id": "05",
      "nome": "Napolitana",
      "categoria": "queijo",
      "ingredientes": [
        "Mussarela",
        "Tomate",
        "Parmesão"
      ],
      "preco_broto": 46.0,
      "preco_grande": 58
    },
    {
      "id": "06",
      "nome": "Musa Rebelde",
      "categoria": "queijo",
      "ingredientes": [
        "Mussarela",
        "Tomate",
        "Palmito",
        "Azeitonas",
        "Pimenta dedo de moça"
      ],
      "preco_broto": 45.0,
      "preco_grande": 57
    },
    {
      "id": "07",
      "nome": "Marguerita",
      "categoria": "queijo",
      "ingredientes": [
        "Mussarela",
        "Tomate",
        "Manjericão",
        "Parmesão"
      ],
      "preco_broto": 48.0,
      "preco_grande": 60
    },
    {
      "id": "08",
      "nome": "Anne & Tom",
      "categoria": "queijo",
      "ingredientes": [
        "Provolone",
        "Cream cheese",
        "Pesto de manjericão"
      ],
      "preco_broto": 55.0,
      "preco_grande": 69
    },
    {
      "id": "09",
      "nome": "Vilaorejo",
      "categoria": "queijo",
      "ingredientes": [
        "Gorgonzola",
        "Catupiry",
        "Queijo branco",
        "Champignon",
        "Milho"
      ],
      "preco_broto": 56.0,
      "preco_grande": 70
    },
    {
      "id": "10",
      "nome": "Jatai (Catupiry, Milho e Alho Poró)",
      "categoria": "queijo",
      "ingredientes": [
        "Catupiry",
        "Milho",
        "Alho poró"
      ],
      "preco_broto": 50.0,
      "preco_grande": 63
    },
    {
      "id": "11",
      "nome": "Musa Perfeita",
      "categoria": "queijo",
      "ingredientes": [
        "Mussarela",
        "Molho por cima"
      ],
      "preco_broto": 43.0,
      "preco_grande": 54
    },
    {
      "id": "10",
      "nome": "Sítio do Pica-Pau",
      "categoria": "carnes_light",
      "ingredientes": [
        "Frango",
        "Milho",
        "Tomate",
        "Ovo"
      ],
      "preco_broto": 48.0,
      "preco_grande": 60
    },
    {
      "id": "11",
      "nome": "Cuca (Mussarela)",
      "categoria": "carnes_light",
      "ingredientes": [
        "Frango",
        "Mussarela"
      ],
      "preco_broto": 50.0,
      "preco_grande": 63
    },
    {
      "id": "12",
      "nome": "Sacci",
      "categoria": "carnes_light",
      "ingredientes": [
        "Frango",
        "Catupiry",
        "Brócolis no alho",
        "Mussarela",
        "Tomate"
      ],
      "preco_broto": 52.0,
      "preco_grande": 65
    },
    {
      "id": "13",
      "nome": "Emília",
      "categoria": "carnes_light",
      "ingredientes": [
        "Frango",
        "Cheddar",
        "Catupiry",
        "Tomate"
      ],
      "preco_broto": 54.0,
      "preco_grande": 68
    },
    {
      "id": "14",
      "nome": "Dona Benta",
      "categoria": "carnes_light",
      "ingredientes": [
        "Mussarela",
        "Catupiry",
        "Tomate",
        "Azeitonas verdes",
        "Ervilha"
      ],
      "preco_broto": 50.0,
      "preco_grande": 63
    },
    {
      "id": "15",
      "nome": "Tia Nastácia",
      "categoria": "carnes_light",
      "ingredientes": [
        "Peito de peru",
        "Catupiry",
        "Provolone",
        "Escarola"
      ],
      "preco_broto": 55.0,
      "preco_grande": 69
    },
    {
      "id": "16",
      "nome": "Barambé",
      "categoria": "carnes_light",
      "ingredientes": [
        "Peito de peru",
        "Catupiry",
        "Cranberry",
        "Hortelã"
      ],
      "preco_broto": 57.0,
      "preco_grande": 72
    },
    {
      "id": "17",
      "nome": "Nairzinho",
      "categoria": "carnes_light",
      "ingredientes": [
        "Queijo branco",
        "Presunto",
        "Palmito",
        "Parmesão"
      ],
      "preco_broto": 56.0,
      "preco_grande": 70
    },
    {
      "id": "18",
      "nome": "Monteiro Lobato",
      "categoria": "carnes_light",
      "ingredientes": [
        "Milho",
        "Ervilha",
        "Brócolis",
        "Mussarela",
        "Tomate"
      ],
      "preco_broto": 48.0,
      "preco_grande": 60
    },
    {
      "id": "19",
      "nome": "Visconde de Sabugosa",
      "categoria": "carnes_light",
      "ingredientes": [
        "Milho",
        "Brócolis",
        "Bacon",
        "Catupiry"
      ],
      "preco_broto": 55.0,
      "preco_grande": 69
    },
    {
      "id": "11.1",
      "nome": "Cuca Caipira",
      "categoria": "carnes_light",
      "ingredientes": [
        "Frango",
        "Catupiry",
        "Milho"
      ],
      "preco_broto": 55.0,
      "preco_grande": 69
    },
    {
      "id": "18.1",
      "nome": "Frango Especial",
      "categoria": "carnes_light",
      "ingredientes": [
        "Frango",
        "Mussarela",
        "Tomate"
      ],
      "preco_broto": 49.0,
      "preco_grande": 62
    },
    {
      "id": "21",
      "nome": "Ouro Preto",
      "categoria": "carnes",
      "ingredientes": [
        "Lombo",
        "Shimeji",
        "Catupiry"
      ],
      "preco_broto": 52.0,
      "preco_grande": 65
    },
    {
      "id": "22",
      "nome": "Monte Formoso",
      "categoria": "carnes",
      "ingredientes": [
        "Lombo",
        "Mussarela",
        "Palmito",
        "Parmesão",
        "Alho"
      ],
      "preco_broto": 54.0,
      "preco_grande": 68
    },
    {
      "id": "23",
      "nome": "Igarapé",
      "categoria": "carnes",
      "ingredientes": [
        "Mussarela",
        "Bacon",
        "Banana"
      ],
      "preco_broto": 50.0,
      "preco_grande": 63
    },
    {
      "id": "24",
      "nome": "Mirante",
      "categoria": "carnes",
      "ingredientes": [
        "Pepperoni",
        "Mussarela",
        "Tomate"
      ],
      "preco_broto": 52.0,
      "preco_grande": 65
    },
    {
      "id": "25",
      "nome": "Cabuçú (Mussarela)",
      "categoria": "carnes",
      "ingredientes": [
        "Bacon",
        "Mussarela"
      ],
      "preco_broto": 48.0,
      "preco_grande": 60
    },
    {
      "id": "25.1",
      "nome": "Cabuçú (Catupiry)",
      "categoria": "carnes",
      "ingredientes": [
        "Bacon",
        "Catupiry"
      ],
      "preco_broto": 50.0,
      "preco_grande": 63
    },
    {
      "id": "26",
      "nome": "Diamantina (Portuguesa)",
      "categoria": "carnes",
      "ingredientes": [
        "Presunto",
        "Mussarela",
        "Ovos",
        "Ervilha",
        "Cebola"
      ],
      "preco_broto": 50.0,
      "preco_grande": 63
    },
    {
      "id": "26.1",
      "nome": "Diamantina (Portuguesa c/ Catupiry)",
      "categoria": "carnes",
      "ingredientes": [
        "Presunto",
        "Catupiry",
        "Ovos",
        "Ervilha",
        "Cebola"
      ],
      "preco_broto": 53.0,
      "preco_grande": 67
    },
    {
      "id": "29",
      "nome": "Platina",
      "categoria": "carnes",
      "ingredientes": [
        "Calabresa",
        "Cebola",
        "Ovos",
        "Mussarela"
      ],
      "preco_broto": 49.0,
      "preco_grande": 62
    },
    {
      "id": "29.1",
      "nome": "Platina (com Pimenta)",
      "categoria": "carnes",
      "ingredientes": [
        "Calabresa",
        "Mussarela",
        "Ovos",
        "Cebola",
        "Pimenta"
      ],
      "preco_broto": 50.0,
      "preco_grande": 63
    },
    {
      "id": "31",
      "nome": "Caruaru",
      "categoria": "carnes",
      "ingredientes": [
        "Carne seca",
        "Mussarela",
        "Macaxeira",
        "Salsão",
        "Catupiry"
      ],
      "preco_broto": 59.0,
      "preco_grande": 74
    },
    {
      "id": "32",
      "nome": "Abaeté",
      "categoria": "carnes",
      "ingredientes": [
        "Salame",
        "Mussarela",
        "Pimentão"
      ],
      "preco_broto": 50.0,
      "preco_grande": 63
    },
    {
      "id": "33",
      "nome": "Canastra (Catupiry)",
      "categoria": "carnes",
      "ingredientes": [
        "Carne seca",
        "Mussarela",
        "Catupiry"
      ],
      "preco_broto": 50.0,
      "preco_grande": 63
    },
    {
      "id": "33.1",
      "nome": "Canastra (Mussarela)",
      "categoria": "carnes",
      "ingredientes": [
        "Carne seca",
        "Mussarela",
        "Parmesão"
      ],
      "preco_broto": 48.0,
      "preco_grande": 60
    },
    {
      "id": "34",
      "nome": "Araripe",
      "categoria": "carnes",
      "ingredientes": [
        "Picanha",
        "Mussarela",
        "Catupiry",
        "Pimenta biquinho",
        "Tomate desidratado"
      ],
      "preco_broto": 59.0,
      "preco_grande": 74
    },
    {
      "id": "36",
      "nome": "Onda d’Água",
      "categoria": "carnes",
      "ingredientes": [
        "Carne seca",
        "Brócolis",
        "Mussarela"
      ],
      "preco_broto": 50.0,
      "preco_grande": 63
    },
    {
      "id": "37",
      "nome": "Ipanema",
      "categoria": "carnes",
      "ingredientes": [
        "Carne seca",
        "Cebola",
        "Milho"
      ],
      "preco_broto": 50.0,
      "preco_grande": 63
    },
    {
      "id": "38",
      "nome": "Monte Roraima",
      "categoria": "carnes",
      "ingredientes": [
        "Frango",
        "Gorgonzola",
        "Cream cheese",
        "Molho aurora"
      ],
      "preco_broto": 65.0,
      "preco_grande": 82
    },
    {
      "id": "39",
      "nome": "Petrolina",
      "categoria": "carnes",
      "ingredientes": [
        "Carne seca",
        "Brócolis",
        "Mussarela"
      ],
      "preco_broto": 50.0,
      "preco_grande": 63
    },
    {
      "id": "39.1",
      "nome": "Itapemirim",
      "categoria": "carnes",
      "ingredientes": [
        "Carne seca",
        "Cebola",
        "Milho",
        "Mussarela"
      ],
      "preco_broto": 50.0,
      "preco_grande": 63
    },
    {
      "id": "67",
      "nome": "Piauí",
      "categoria": "carnes",
      "ingredientes": [
        "Presunto",
        "Mussarela",
        "Catupiry",
        "Palmito",
        "Ervilha"
      ],
      "preco_broto": 57.0,
      "preco_grande": 72
    },
    {
      "id": "86",
      "nome": "Bauru",
      "categoria": "carnes",
      "ingredientes": [
        "Mussarela",
        "Presunto",
        "Tomate"
      ],
      "preco_broto": 48.0,
      "preco_grande": 60
    },
    {
      "id": "L1",
      "nome": "Lombo 1",
      "categoria": "carnes",
      "ingredientes": [
        "Lombo",
        "Catupiry"
      ],
      "preco_broto": 69.0,
      "preco_grande": 87
    },
    {
      "id": "L2",
      "nome": "Lombo 2",
      "categoria": "carnes",
      "ingredientes": [
        "Lombo",
        "Mussarela",
        "Cebola"
      ],
      "preco_broto": 70.0,
      "preco_grande": 88
    },
    {
      "id": "28",
      "nome": "Mucuripe (Calabresa)",
      "categoria": "carnes",
      "ingredientes": [
        "Calabresa",
        "Cebola"
      ],
      "preco_broto": 42.0,
      "preco_grande": 53
    },
    {
      "id": "41",
      "nome": "Terena",
      "categoria": "legumes",
      "ingredientes": [
        "Berinjela refogada no alho",
        "Mussarela",
        "Bacon"
      ],
      "preco_broto": 48.0,
      "preco_grande": 60
    },
    {
      "id": "42",
      "nome": "Xavante",
      "categoria": "legumes",
      "ingredientes": [
        "Abobrinha",
        "Mussarela",
        "Gorgonzola",
        "Orégano"
      ],
      "preco_broto": 55.0,
      "preco_grande": 69
    },
    {
      "id": "43",
      "nome": "Guarani",
      "categoria": "legumes",
      "ingredientes": [
        "Escarola refogada no alho",
        "Bacon",
        "Mussarela"
      ],
      "preco_broto": 52.0,
      "preco_grande": 65
    },
    {
      "id": "44",
      "nome": "Pataxó",
      "categoria": "legumes",
      "ingredientes": [
        "Mussarela de búfala",
        "Tomate seco",
        "Rúcula"
      ],
      "preco_broto": 56.0,
      "preco_grande": 70
    },
    {
      "id": "45",
      "nome": "Potiguara",
      "categoria": "legumes",
      "ingredientes": [
        "Brócolis",
        "Queijo prato",
        "Abóbora cabotiá"
      ],
      "preco_broto": 48.0,
      "preco_grande": 60
    },
    {
      "id": "46",
      "nome": "Xingu",
      "categoria": "legumes",
      "ingredientes": [
        "Brócolis",
        "Bacon",
        "Catupiry",
        "Alho poró"
      ],
      "preco_broto": 50.0,
      "preco_grande": 63
    },
    {
      "id": "48.1",
      "nome": "Yanomami",
      "categoria": "legumes",
      "ingredientes": [
        "Mussarela",
        "Shitake",
        "Shimeji",
        "Alho"
      ],
      "preco_broto": 54.0,
      "preco_grande": 68
    },
    {
      "id": "49.1",
      "nome": "São Tomé (Catupiry)",
      "categoria": "legumes",
      "ingredientes": [
        "Palmito",
        "Catupiry"
      ],
      "preco_broto": 52.0,
      "preco_grande": 65
    },
    {
      "id": "50",
      "nome": "Ituanas",
      "categoria": "legumes",
      "ingredientes": [
        "Palmito",
        "Catupiry",
        "Tomate cereja"
      ],
      "preco_broto": 56.0,
      "preco_grande": 70
    },
    {
      "id": "51",
      "nome": "Monte Verde",
      "categoria": "legumes",
      "ingredientes": [
        "Palmito",
        "Brócolis",
        "Queijo prato",
        "Mussarela"
      ],
      "preco_broto": 53.0,
      "preco_grande": 67
    },
    {
      "id": "53",
      "nome": "Salvador",
      "categoria": "legumes",
      "ingredientes": [
        "Abóbora cabotiá",
        "Carne seca",
        "Cebola",
        "Salpicada de catupiry"
      ],
      "preco_broto": 59.0,
      "preco_grande": 74
    },
    {
      "id": "53.1",
      "nome": "Vegana Mix 1",
      "categoria": "legumes",
      "ingredientes": [
        "Berinjela",
        "Abobrinha",
        "Palmito",
        "Alho poró"
      ],
      "preco_broto": 52.0,
      "preco_grande": 65
    },
    {
      "id": "53.2",
      "nome": "Vegana Mix 2",
      "categoria": "legumes",
      "ingredientes": [
        "Brócolis",
        "Shitake",
        "Palmito",
        "Tomate cereja"
      ],
      "preco_broto": 53.0,
      "preco_grande": 67
    },
    {
      "id": "54",
      "nome": "Guaraú",
      "categoria": "peixes",
      "ingredientes": [
        "Atum",
        "Mussarela",
        "Cebola"
      ],
      "preco_broto": 50.0,
      "preco_grande": 63
    },
    {
      "id": "54.1",
      "nome": "Guaraú 2",
      "categoria": "peixes",
      "ingredientes": [
        "Atum",
        "Cebola"
      ],
      "preco_broto": 53.0,
      "preco_grande": 67
    },
    {
      "id": "55",
      "nome": "Pádua",
      "categoria": "peixes",
      "ingredientes": [
        "Atum",
        "Catupiry",
        "Tomate"
      ],
      "preco_broto": 50.0,
      "preco_grande": 63
    },
    {
      "id": "56",
      "nome": "Maresias",
      "categoria": "peixes",
      "ingredientes": [
        "Atum",
        "Catupiry",
        "Tomate seco"
      ],
      "preco_broto": 53.0,
      "preco_grande": 67
    },
    {
      "id": "58",
      "nome": "Jericoacoara",
      "categoria": "peixes",
      "ingredientes": [
        "Atum",
        "Escarola",
        "Mussarela",
        "Tomate"
      ],
      "preco_broto": 49.0,
      "preco_grande": 62
    },
    {
      "id": "59",
      "nome": "Maragogi",
      "categoria": "peixes",
      "ingredientes": [
        "Atum",
        "Mussarela",
        "Cebola",
        "Azeitonas"
      ],
      "preco_broto": 52.0,
      "preco_grande": 65
    },
    {
      "id": "60",
      "nome": "Iporanga",
      "categoria": "peixes",
      "ingredientes": [
        "Atum",
        "Palmito",
        "Mussarela",
        "Gorgonzola",
        "Champignon"
      ],
      "preco_broto": 53.0,
      "preco_grande": 67
    },
    {
      "id": "71",
      "nome": "Veneza",
      "categoria": "gourmet",
      "ingredientes": [
        "Peito de peru",
        "Cream cheese",
        "Alho crocante"
      ],
      "preco_broto": 65.0,
      "preco_grande": 82
    },
    {
      "id": "74",
      "nome": "Frutas",
      "categoria": "doces",
      "ingredientes": [
        "Banana",
        "Morango",
        "Abacaxi",
        "Chocolate branco",
        "Chocolate ao leite"
      ],
      "preco_broto": 52.0,
      "preco_grande": 65
    },
    {
      "id": "76",
      "nome": "Mesclada",
      "categoria": "doces",
      "ingredientes": [
        "Chocolate ao leite",
        "Chocolate branco",
        "M&M’s"
      ],
      "preco_broto": 46.0,
      "preco_grande": 58
    },
    {
      "id": "79",
      "nome": "Banana Nevada",
      "categoria": "doces",
      "ingredientes": [
        "Banana",
        "Chocolate branco",
        "Canela"
      ],
      "preco_broto": 52.0,
      "preco_grande": 65
    },
    {
      "id": "82",
      "nome": "Nuvens",
      "categoria": "doces",
      "ingredientes": [
        "Creme de coco",
        "Abacaxi",
        "Chocolate branco",
        "Coco ralado"
      ],
      "preco_broto": 66.0,
      "preco_grande": 83
    }
  ]
}