{
  "promocoes": [
    {
      "id": "P1",
      "nome": "1 Cabuçu Broto + 1 Coca 600ml",
      "descricao": "1 pizza broto Cabuçu (mussarela e bacon) + 1 Coca-Cola 600ml",
      "preco": 52.5
    },
    {
      "id": "P2",
      "nome": "Promoção Nairzinha + Mesclada",
      "descricao": "2 pizzas Nairzinha e Mesclada",
      "preco_a_partir": 154.9
    },
    {
      "id": "P3",
      "nome": "Promoção Cuca Caipira + Guaraná 2 litros",
      "preco": 80.9
    },
    {
      "id": "P4",
      "nome": "Promoção Combo Pizzas (Diamantina, Mucuripe e Cuca)",
      "preco": 80.9
    },
    {
      "id": "P5",
      "nome": "Promoção Arraial D’Ajuda + Refrigerante 2L",
      "preco_a_partir": 89.9
    },
    {
      "id": "P6",
      "nome": "Promoção Combo Pizzas (Musa, Mucuripe e Marguerita)",
      "preco": 190.9
    }
  ]
}